{"metadata":{"asset_id":"7be33049-ce28-4e84-bbc1-4302f6ab237c","asset_type":"connection","asset_category":"USER","create_time":"2021-06-21T11:50:38.000Z","creator_id":"IBMid-270003A2QK","project_id":"6acb37f6-d00c-4979-ae25-9316ed428b3c","tags":[],"usage":{"last_access_time":"2021-06-21T11:50:38.816Z","last_accessor_id":"IBMid-270003A2QK","access_count":0}},"entity":{"datasource_type":"e1c23729-99d8-4407-b3df-336e33ffdc82","description":"","name":"postgre-conn","origin_country":"us","owner_id":"IBMid-270003A2QK","rov":{"mode":0},"properties":{"database":"dbname","password":"password","sg_service_url":"https://sgmanager.ng.bluemix.net","port":"1","host":"hostname","ssl":"true","username":"user-name"},"interaction_properties":{"source":[{"name":"_java._heap_size","type":"integer","label":"Heap size","description":"Specify the maximum Java Virtual Machine heap size in megabytes.","required":false,"masked":false,"hidden":false,"readonly":false,"uiOnly":false,"multiline":false,"default_value":"256","supported_products":["datastage_scapi"],"user_defined":false},{"name":"byte_limit","type":"string","label":"Byte limit","description":"The maximum number of bytes to return. Use any of these suffixes; KB, MB, GB, or TB","placeholder":"100MB","required":false,"masked":false,"hidden":false,"readonly":false,"uiOnly":false,"multiline":false,"user_defined":false},{"name":"rcp","type":"boolean","label":"Infer schema","description":"Obtain the schema from the data source","required":false,"masked":false,"hidden":true,"readonly":false,"uiOnly":false,"multiline":false,"default_value":"true","user_defined":false},{"name":"read_mode","type":"enum","label":"Read method","description":"The method for reading records from the table","required":false,"masked":false,"hidden":false,"readonly":false,"uiOnly":false,"multiline":false,"default_value":"general","values":[{"value":"general","label":"General"},{"value":"select","label":"Select statement"}],"user_defined":false},{"name":"row_limit","type":"integer","label":"Row limit","description":"The maximum number of rows to return","placeholder":"1000","required":false,"masked":false,"hidden":false,"readonly":false,"uiOnly":false,"multiline":false,"user_defined":false},{"name":"sampling_percentage","type":"string","label":"Sampling percentage","description":"Percentage for each row or block to be included in the sample","required":false,"masked":false,"hidden":false,"readonly":false,"uiOnly":false,"multiline":false,"user_defined":false},{"name":"sampling_seed","type":"integer","label":"Sampling seed","description":"Seed to be used for getting a repeatable sample","required":false,"masked":false,"hidden":false,"readonly":false,"uiOnly":false,"multiline":false,"user_defined":false},{"name":"sampling_type","type":"enum","label":"Sampling type","description":"Indicates which data sampling type should be used in the select statement","required":false,"masked":false,"hidden":false,"readonly":false,"uiOnly":false,"multiline":false,"default_value":"none","values":[{"value":"block","label":"Block level sampling"},{"value":"none","label":"None"},{"value":"row","label":"Row level sampling"}],"user_defined":false},{"name":"schema_name","type":"string","label":"Schema name","description":"The name of the schema that contains the table to read from","required":false,"masked":false,"hidden":false,"readonly":false,"uiOnly":false,"multiline":false,"user_defined":false},{"name":"select_statement","type":"string","label":"Select statement","description":"The SQL SELECT statement for retrieving data from the table","required":true,"masked":false,"hidden":false,"readonly":false,"uiOnly":false,"multiline":true,"user_defined":false},{"name":"table_name","type":"string","label":"Table name","description":"The name of the table to read from","required":true,"masked":false,"hidden":false,"readonly":false,"uiOnly":false,"multiline":false,"user_defined":false}],"target":[{"name":"_java._heap_size","type":"integer","label":"Heap size","description":"Specify the maximum Java Virtual Machine heap size in megabytes.","required":false,"masked":false,"hidden":false,"readonly":false,"uiOnly":false,"multiline":false,"default_value":"256","supported_products":["datastage_scapi"],"user_defined":false},{"name":"batch_size","type":"integer","label":"Batch size","description":"Number of records to be included in each batch","required":false,"masked":false,"hidden":false,"readonly":false,"uiOnly":false,"multiline":false,"default_value":"2000","supported_products":["datastage_scapi"],"user_defined":false},{"name":"create_statement","type":"string","label":"Create statement","description":"The Create DDL statement for recreating the target table","required":false,"masked":false,"hidden":false,"readonly":false,"uiOnly":false,"multiline":true,"user_defined":false},{"name":"existing_table_action","type":"enum","label":"Table action","description":"The action to take on the target table, if it already exists, to handle the existing and new data sets","required":false,"masked":false,"hidden":true,"readonly":false,"uiOnly":false,"multiline":false,"default_value":"append","values":[{"value":"append","label":"Append"},{"value":"merge","label":"Merge"},{"value":"replace","label":"Replace"},{"value":"truncate","label":"Truncate"},{"value":"update","label":"Updated"}],"user_defined":false},{"name":"key_column_names","type":"string","label":"Key column names","description":"A comma separated list of column names to override the primary key used during an update or merge","required":false,"masked":false,"hidden":false,"readonly":false,"uiOnly":false,"multiline":false,"user_defined":false},{"name":"schema_name","type":"string","label":"Schema name","description":"The name of the schema that contains the table to write to","required":false,"masked":false,"hidden":false,"readonly":false,"uiOnly":false,"multiline":false,"user_defined":false},{"name":"static_statement","type":"string","label":"Static statement","description":"The SQL used for setup operations, for example a CREATE statement","required":true,"masked":false,"hidden":false,"readonly":false,"uiOnly":false,"multiline":true,"user_defined":false},{"name":"table_action","type":"enum","label":"Table action","description":"The action to take on the target table to handle the new data set","required":false,"masked":false,"hidden":false,"readonly":false,"uiOnly":false,"multiline":false,"default_value":"append","values":[{"value":"append","label":"Append"},{"value":"replace","label":"Replace"},{"value":"truncate","label":"Truncate"}],"user_defined":false},{"name":"table_name","type":"string","label":"Table name","description":"The name of the table to write to","required":false,"masked":false,"hidden":false,"readonly":false,"uiOnly":false,"multiline":false,"user_defined":false},{"name":"update_statement","type":"string","label":"Update statement","description":"The SQL INSERT, UPDATE, MERGE, or DELETE statement for updating data in the table.","required":false,"masked":false,"hidden":false,"readonly":false,"uiOnly":false,"multiline":true,"user_defined":false},{"name":"write_mode","type":"enum","label":"Write mode","description":"The mode for writing records to the target table","required":false,"masked":false,"hidden":false,"readonly":false,"uiOnly":false,"multiline":false,"default_value":"insert","values":[{"value":"insert","label":"Insert"},{"value":"merge","label":"Merge"},{"value":"static_statement","label":"Static statement"},{"value":"update","label":"Update"},{"value":"update_statement","label":"Update statement"},{"value":"update_statement_table_action","label":"Update statement with table action"}],"user_defined":false}]}}}
