[{"metadata":{"asset_id":"0e5aae56-8d94-4e1b-ae00-74332e6f9ed7","asset_type":"data_intg_flow","catalog_id":"e2f0d9ae-5008-4dae-81be-bcebf82ba8ba","create_time":"2021-06-16T11:02:38.000Z","creator_id":"IBMid-270003A2QK","name":"customer_plan-data-replication-flow","origin_country":"us","size":6632,"project_id":"6acb37f6-d00c-4979-ae25-9316ed428b3c","resource_key":"6acb37f6-d00c-4979-ae25-9316ed428b3c/data_intg_flow/customer_plan-data-replication-flow","description":"","tags":[],"usage":{"last_access_time":"2021-06-24T11:14:34.332Z","last_accessor_id":"IBMid-270003A2QK","access_count":0}},"entity":{"data_intg_flow":{"mime_type":"application/json","dataset":false}},"attachments":[{"test_doc":0,"object_key":"data_intg_flow/6acb37f6-d00c-4979-ae25-9316ed428b3c0e5aae56-8d94-4e1b-ae00-74332e6f9ed7","create_time":1624533274331,"complete_time_ticks":1624533274331,"mime":"application/json","usage":{"access_count":0,"last_accessor_id":"IBMid-270003A2QK","last_access_time":1624533274331},"is_remote":false,"handle":{"bucket":"datastageflows-donotdelete-pr-gwmt9ejvmfxh2g","max_part_num":1,"upload_id":"done","location":"us-geo","key":"data_intg_flow/6acb37f6-d00c-4979-ae25-9316ed428b3c0e5aae56-8d94-4e1b-ae00-74332e6f9ed7"},"is_user_provided_path_key":true,"user_data":{},"version":2,"size":6632,"is_partitioned":false,"datasource_type":"193a97c1-4475-4a19-b90c-295c4fdc6517","transfer_complete":true,"asset_type":"data_intg_flow","name":"data_intg_flows","creator_id":"IBMid-270003A2QK","id":"aebd93eb-bef5-4dd8-85f0-2caefaeef5c5","is_referenced":true,"is_managed":false,"is_object_key_read_only":false}]}]
