[{"metadata":{"asset_id":"d682434a-cf3f-4b82-8df4-0e8352c218b7","asset_type":"data_intg_flow","catalog_id":"e2f0d9ae-5008-4dae-81be-bcebf82ba8ba","create_time":"2021-06-16T10:59:54.000Z","creator_id":"IBMid-270003A2QK","name":"customer-data-replication-flow","origin_country":"us","size":8388,"project_id":"6acb37f6-d00c-4979-ae25-9316ed428b3c","resource_key":"6acb37f6-d00c-4979-ae25-9316ed428b3c/data_intg_flow/customer-data-replication-flow","description":"","tags":[],"usage":{"last_access_time":"2021-06-24T11:15:31.393Z","last_accessor_id":"IBMid-270003A2QK","access_count":0}},"entity":{"data_intg_flow":{"mime_type":"application/json","dataset":false}},"attachments":[{"test_doc":0,"object_key":"data_intg_flow/6acb37f6-d00c-4979-ae25-9316ed428b3cd682434a-cf3f-4b82-8df4-0e8352c218b7","create_time":1624533331393,"complete_time_ticks":1624533331393,"mime":"application/json","usage":{"access_count":0,"last_accessor_id":"IBMid-270003A2QK","last_access_time":1624533331393},"is_remote":false,"handle":{"bucket":"datastageflows-donotdelete-pr-gwmt9ejvmfxh2g","max_part_num":1,"upload_id":"done","location":"us-geo","key":"data_intg_flow/6acb37f6-d00c-4979-ae25-9316ed428b3cd682434a-cf3f-4b82-8df4-0e8352c218b7"},"is_user_provided_path_key":true,"user_data":{},"version":2,"size":8388,"is_partitioned":false,"datasource_type":"193a97c1-4475-4a19-b90c-295c4fdc6517","transfer_complete":true,"asset_type":"data_intg_flow","name":"data_intg_flows","creator_id":"IBMid-270003A2QK","id":"cc8b3cd8-3f36-4525-b0fd-516bc73e95cf","is_referenced":true,"is_managed":false,"is_object_key_read_only":false}]}]
